<?xml version="1.0" encoding="UTF-8"?>
<!DOCTYPE mapper PUBLIC "-//mybatis.org//DTD Mapper 3.0//EN" "http://mybatis.org/dtd/mybatis-3-mapper.dtd">
<mapper namespace="ru.atc.global.template.microservice.springboot.mybatis.repository.UserRepository">
    <resultMap type="userEntity" id="allEntityFields">
        <id property="id" column="id" />
        <result property="firstname" column="firstname" />
        <result property="lastname" column="lastname" />
        <result property="gender" column="gender" />
        <result property="birthdateDttm" column="birthdate_dttm" javaType="java.time.LocalDateTime" />
        <result property="createDttm" column="create_dttm" javaType="java.time.LocalDateTime" />
        <result property="modifyDttm" column="modify_dttm" javaType="java.time.LocalDateTime" />
        <result property="actionInd" column="action_ind" />
    </resultMap>

    <sql id="ENTITY_TABLE">users</sql>
    <sql id="ENTITY_ID">id</sql>

    <sql id="SELECT_FIELDS">firstname, lastname, gender, birthdate_dttm, create_dttm, modify_dttm, action_ind</sql>
    <sql id="SELECT_ALL_FIELDS"><include refid="ENTITY_ID"/>, <include refid="SELECT_FIELDS"/></sql>
    <sql id="INSERT_FIELDS"><include refid="SELECT_FIELDS"/></sql>
    <sql id="INSERT_PARAMS">
        #{${prefix}firstname}, #{${prefix}lastname}, #{${prefix}gender},
        #{${prefix}birthdateDttm}, #{${prefix}createDttm}, #{${prefix}modifyDttm},
        #{${prefix}actionInd}
    </sql>

    <select id="findAll" resultType="userEntity" resultMap="allEntityFields">
        SELECT <include refid="SELECT_ALL_FIELDS"/>
        FROM <include refid="ENTITY_TABLE"/>
    </select>

    <select id="findById" parameterType="long" resultType="userEntity" resultMap="allEntityFields">
        SELECT <include refid="SELECT_ALL_FIELDS"/>
        FROM <include refid="ENTITY_TABLE"/>
        WHERE <include refid="ENTITY_ID"/> = #{id}
    </select>

    <select id="findByIds" parameterType="list" resultType="userEntity" resultMap="allEntityFields">
        SELECT <include refid="SELECT_ALL_FIELDS"/>
        FROM <include refid="ENTITY_TABLE"/>
        WHERE <include refid="ENTITY_ID"/> IN
        <foreach item='item' index='index' collection='ids' open='(' separator=',' close=')'>
            #{item}
        </foreach>
    </select>

    <insert id="insert" parameterType="userEntity" keyProperty="id" useGeneratedKeys="true" keyColumn="id">
        INSERT INTO <include refid="ENTITY_TABLE"/> (<include refid="INSERT_FIELDS"/>)
        VALUES(<include refid="INSERT_PARAMS"><property name="prefix" value=""/></include>)
    </insert>

    <insert id="insertAll" parameterType="userEntity" keyProperty="id" useGeneratedKeys="true" keyColumn="id">
        INSERT INTO <include refid="ENTITY_TABLE"/> (<include refid="INSERT_FIELDS"/>)
        VALUES
        <foreach item="item" collection="entities" open='(' separator = '),(' close=')'>
            <include refid="INSERT_PARAMS"><property name="prefix" value="item."/></include>
        </foreach>
    </insert>

    <update id="update" parameterType="userEntity">
        UPDATE <include refid="ENTITY_TABLE"/>
        <set>
            <if test="firstname != null">
                firstname = #{firstname},
            </if>
            <if test="lastname != null">
                lastname = #{lastname},
            </if>
            <if test="gender != null">
                gender = #{gender},
            </if>
            <if test="birthdateDttm != null">
                birthdate_dttm = #{birthdateDttm},
            </if>
            <if test="createDttm != null">
                create_dttm = #{createDttm},
            </if>
            <if test="modifyDttm != null">
                modify_dttm = #{modifyDttm},
            </if>
            <if test="actionInd != null">
                action_ind = #{actionInd},
            </if>
        </set>
        WHERE <include refid="ENTITY_ID"/> = #{id}
    </update>

    <delete id="deleteById" parameterType="long">
        DELETE
        FROM <include refid="ENTITY_TABLE"/>
        WHERE <include refid="ENTITY_ID"/> = #{id}
    </delete>

    <delete id="deleteByIds" parameterType="list">
        DELETE
        FROM <include refid="ENTITY_TABLE"/>
        WHERE <include refid="ENTITY_ID"/> IN
        <foreach item='item' index='index' collection='ids' open='(' separator=',' close=')'>
            #{item}
        </foreach>
    </delete>

</mapper>