<?xml version="1.0" encoding="UTF-8"?>
<project xsi:schemaLocation="http://maven.apache.org/POM/4.0.0 https://maven.apache.org/xsd/maven-4.0.0.xsd" xmlns="http://maven.apache.org/POM/4.0.0"
    xmlns:xsi="http://www.w3.org/2001/XMLSchema-instance">
  <modelVersion>4.0.0</modelVersion>
  <parent>
    <groupId>ru.atc.global.template.microservice</groupId>
    <artifactId>dependencies-bom</artifactId>
    <version>0.0.1</version>
    <relativePath>../dependencies-bom/pom.xml</relativePath>
  </parent>
  <groupId>ru.atc.global.template.microservice</groupId>
  <artifactId>core</artifactId>
  <version>0.0.1</version>
  <description>Модуль с основной реализацией</description>
  <dependencies>
    <dependency>
      <groupId>ru.atc.mvd.gismu.shared2</groupId>
      <artifactId>swagger-autoconfig-springboot2-web-starter</artifactId>
    </dependency>
    <dependency>
      <groupId>ru.atc.mvd.gismu.shared2</groupId>
      <artifactId>exception-handler-springboot2-web-starter</artifactId>
    </dependency>
    <dependency>
      <groupId>ru.atc.mvd.gismu.shared2</groupId>
      <artifactId>config-logger-springboot-starter</artifactId>
      <version>${config-logger-springboot-starter.version}</version>
    </dependency>
    <dependency>
      <groupId>ru.atc.mvd.gismu.shared2</groupId>
      <artifactId>openfeign-core</artifactId>
      <version>0.0.1</version>
    </dependency>
    <dependency>
      <groupId>org.springframework.boot</groupId>
      <artifactId>spring-boot-starter-web</artifactId>
    </dependency>
    <dependency>
      <groupId>org.springframework.boot</groupId>
      <artifactId>spring-boot-starter-actuator</artifactId>
    </dependency>
    <dependency>
      <groupId>org.springframework.boot</groupId>
      <artifactId>spring-boot-starter-validation</artifactId>
    </dependency>
    <dependency>
      <groupId>org.mapstruct</groupId>
      <artifactId>mapstruct</artifactId>
    </dependency>
    <dependency>
      <groupId>com.fasterxml.jackson.core</groupId>
      <artifactId>jackson-annotations</artifactId>
    </dependency>
    <dependency>
      <groupId>com.fasterxml.jackson.core</groupId>
      <artifactId>jackson-core</artifactId>
    </dependency>
    <dependency>
      <groupId>com.fasterxml.jackson.core</groupId>
      <artifactId>jackson-databind</artifactId>
    </dependency>
    <dependency>
      <groupId>org.projectlombok</groupId>
      <artifactId>lombok</artifactId>
    </dependency>
    <dependency>
      <groupId>org.springframework.boot</groupId>
      <artifactId>spring-boot-starter-test</artifactId>
      <scope>test</scope>
    </dependency>
  </dependencies>
  <build>
    <plugins>
      <plugin>
        <groupId>org.springframework.boot</groupId>
        <artifactId>spring-boot-maven-plugin</artifactId>
        <executions>
          <execution>
            <goals>
              <goal>build-info</goal>
            </goals>
          </execution>
        </executions>
      </plugin>
      <plugin>
        <artifactId>maven-compiler-plugin</artifactId>
        <version>${maven-compiler-plugin.version}</version>
        <configuration>
          <parameters>true</parameters>
          <source>${maven.compiler.source}</source>
          <target>${maven.compiler.target}</target>
          <annotationProcessorPaths>
            <path>
              <groupId>org.projectlombok</groupId>
              <artifactId>lombok</artifactId>
              <version>${lombok.version}</version>
            </path>
            <path>
              <groupId>org.mapstruct</groupId>
              <artifactId>mapstruct-processor</artifactId>
              <version>${mapstruct.version}</version>
            </path>
            <path>
              <groupId>org.springframework.boot</groupId>
              <artifactId>spring-boot-configuration-processor</artifactId>
              <version>${spring-boot.version}</version>
            </path>
          </annotationProcessorPaths>
        </configuration>
      </plugin>
    </plugins>
  </build>
</project>
