<?xml version="1.0" encoding="UTF-8"?>
<project xsi:schemaLocation="http://maven.apache.org/POM/4.0.0 https://maven.apache.org/xsd/maven-4.0.0.xsd" xmlns="http://maven.apache.org/POM/4.0.0"
    xmlns:xsi="http://www.w3.org/2001/XMLSchema-instance">
  <modelVersion>4.0.0</modelVersion>
  <parent>
    <groupId>ru.atc.global.template.microservice</groupId>
    <artifactId>springboot2-base</artifactId>
    <version>0.0.1</version>
  </parent>
  <groupId>ru.atc.global.template.microservice</groupId>
  <artifactId>dependencies-bom</artifactId>
  <version>0.0.1</version>
  <packaging>pom</packaging>
  <description>Модуль управления зависимостями</description>
  <properties>
    <exception-handler-starter.version>0.0.2</exception-handler-starter.version>
    <config-logger-springboot-starter.version>0.0.1</config-logger-springboot-starter.version>
    <swagger-autoconfig-starter.version>0.0.2</swagger-autoconfig-starter.version>
  </properties>
  <dependencyManagement>
    <dependencies>
      <dependency>
        <groupId>ru.atc.mvd.gismu.shared2</groupId>
        <artifactId>swagger-autoconfig-springboot2-web-starter</artifactId>
        <version>${swagger-autoconfig-starter.version}</version>
      </dependency>
      <dependency>
        <groupId>ru.atc.mvd.gismu.shared2</groupId>
        <artifactId>exception-handler-springboot2-web-starter</artifactId>
        <version>${exception-handler-starter.version}</version>
      </dependency>
    </dependencies>
  </dependencyManagement>
</project>
