<?xml version="1.0" encoding="UTF-8"?>
<databaseChangeLog
        xmlns:xsi="http://www.w3.org/2001/XMLSchema-instance"
        xmlns="http://www.liquibase.org/xml/ns/dbchangelog"
        xsi:schemaLocation="http://www.liquibase.org/xml/ns/dbchangelog http://www.liquibase.org/xml/ns/dbchangelog/dbchangelog-3.8.xsd">

    <changeSet id="2033-09-09 09:00:00" author="some_author">
        <sqlFile path="v0.0.1/users.sql" relativeToChangelogFile="true"/>
        <rollback>
            <sqlFile path="v0.0.1/rollback/users_rollback.sql" relativeToChangelogFile="true"/>
        </rollback>
    </changeSet>
    <changeSet id="2033-09-09 09:00:01" author="some_author">
        <sqlFile path="v0.0.1/task_groups.sql" relativeToChangelogFile="true"/>
        <rollback>
            <sqlFile path="v0.0.1/rollback/task_groups_rollback.sql" relativeToChangelogFile="true"/>
        </rollback>
    </changeSet>
    <changeSet id="2033-09-09 09:00:02" author="some_author">
        <sqlFile path="v0.0.1/tasks.sql" relativeToChangelogFile="true"/>
        <rollback>
            <sqlFile path="v0.0.1/rollback/tasks_rollback.sql" relativeToChangelogFile="true"/>
        </rollback>
    </changeSet>
    <changeSet id="2033-09-09 09:00:03" author="some_author">
        <sqlFile path="v0.0.1/task_tags.sql" relativeToChangelogFile="true"/>
        <rollback>
            <sqlFile path="v0.0.1/rollback/task_tags_rollback.sql" relativeToChangelogFile="true"/>
        </rollback>
    </changeSet>
    <changeSet id="2033-09-09 09:00:04" author="some_author">
        <sqlFile path="v0.0.1/mm_tasks_task_tags.sql" relativeToChangelogFile="true"/>
        <rollback>
            <sqlFile path="v0.0.1/rollback/mm_tasks_task_tags_rollback.sql" relativeToChangelogFile="true"/>
        </rollback>
    </changeSet>

</databaseChangeLog>